Published Carrier,Flight Number,Origin,Destination,Departure Time,Arrival Time,Op Days,Elapsed Time,Distance (KM),Stops,Equipment,Codeshare Flts
FM,825,PVG,TOY,925,1255, 2   6 ,2:30,1542,0,737,MU 9825
FM,832,HKT,PVG,20,640,7,5:20,3533,0,738,"MU 9832,DL 6352"
FM,862,KUL,PVG,155,730,1234567,5:35,3795,0,73H,"MU 9862,DL 6371"
FM,875,PVG,MFM,925,1225,3,3:00,1289,0,738,MU 9875
FM,9064,TSN,SHA,1715,1915,123 567,2:00,953,0,738,MU 9064
FM,9069,PVG,TSN,2235,55,3,2:20,975,0,738,"MU 9069,DL 6732"
FM,9082,XMN,PVG,1735,1935,1234567,2:00,818,0,733,MU 9082
FM,9152,PEK,HGH,1320,1540,1 3 5 7,2:20,1147,0,738,MU 9152
FM,9168,HET,PVG,730,1010,4,2:40,1402,0,738,MU 9168
FM,9184,YNT,HSN,1445,1630,1234567,1:45,866,0,738,MU 9184
FM,9185,SHA,SHE,1620,1855,1234 6 ,2:35,1176,0,738,MU 9185
FM,9188,SHE,PVG,1430,1715,1234567,2:45,1176,0,738,"MU 9188,DL 6727"
FM,9209,SHA,NNG,1455,1745,1,2:50,1614,0,737,MU 9209
FM,9215,PVG,ZUH,1545,1835,1 3 56 ,2:50,1315,0,73H,MU 9215
FM,9303,PVG,CAN,900,1135,123 5 7,2:35,1202,0,73H,MU 9303
FM,9307,SHA,CAN,730,1000,1 34 6 ,2:30,1175,0,333,MU 9307
FM,9312,CAN,PVG,1305,1535,1234567,2:30,1202,0,73H,"MU 9312,DL 6730"
FM,9314,CAN,SHA,1330,1550,1234567,2:20,1175,0,738,MU 9314
FM,9332,SZX,SHA,1230,1445,67,2:15,1207,0,333,MU 9332
FM,9339,PVG,NNG,715,1035,1234567,3:20,1648,0,738,MU 9339
FM,9353,PVG,WEH,1025,1230,1234567,2:05,673,0,738,"MU 9353,DL 6343"
FM,9362,CSX,SHA,1955,2140,1234567,1:45,851,0,738,MU 9362
FM,9365,PVG,YIH,730,930,1,2:00,987,0,73H,MU 9365
FM,9367,PVG,SHE,850,1125,4,2:35,1176,0,737,MU 9367
FM,9369,PVG,KWL,1815,2050,3,2:35,1324,0,733,MU 9369
FM,9383,PVG,NNG,2135,40,3,3:05,1648,0,733,"MU 9383,DL 6377"
FM,9386,NNG,PVG,1240,1540,234,3:00,1648,0,73H,"MU 9386,DL 6380"
FM,9397,PVG,CSX,935,1140, 2 4 6 ,2:05,890,0,738,MU 9397
FM,9403,SHA,CTU,1510,1820,1234567,3:10,1659,0,737,MU 9403
FM,9424,CKG,SHA,2015,2240,  34 6 ,2:25,1416,0,73H,MU 9424
FM,9425,SHA,CKG,1720,2010,1234567,2:50,1416,0,738,MU 9425
FM,9458,KWE,SHA,1610,1845,1234567,2:35,1503,0,738,MU 9458
FM,9467,CGO,LHW,1520,1710, 2 4 6 ,1:50,950,0,738,MU 9467
FM,9502,SWA,SHA,2000,2200, 2 4 6 ,2:00,974,0,738,MU 9502
FM,9535,SHA,XMN,650,840,1,1:50,803,0,738,MU 9535
FM,9549,SHA,CTU,1610,1925,234,3:15,1659,0,333,MU 9549
FM,9550,CTU,SHA,2045,2340,67,2:55,1659,0,737,MU 9550
FM,9568,CGO,PVG,2230,25,1 3 5 7,1:55,832,0,737,MU 9568
FM,9573,SHA,YNT,1235,1430,1234567,1:55,719,0,738,MU 9573
FM,9591,PVG,TOY,1005,1340,   4  7,2:35,1542,0,737,
FM,9070,TSN,PVG,740,945,1   5  ,2:05,975,0,73H,"MU 9070,DL 6733"
FM,9103,SHA,PEK,1330,1555,1234567,2:25,1075,0,737,MU 9103
FM,9146,YCU,PVG,2100,2310,  3   7,2:10,1093,0,738,MU 9146
FM,9172,HRB,PVG,1155,1500,  3  67,3:05,1654,0,73H,"MU 9172,DL 6725"
FM,9193,PVG,SHE,1400,1625,3,2:25,1176,0,733,MU 9193
FM,9205,SHA,FOC,655,825,1234567,1:30,605,0,738,MU 9205
FM,9207,SHA,XIY,1610,1850,1234567,2:40,1228,0,738,MU 9207
FM,9216,ZUH,SHA,1935,2210,1 3    ,2:35,1291,0,73H,MU 9216
FM,9221,LHW,URC,2200,50,1234567,2:50,1593,0,738,MU 9221
FM,9251,SHA,HAK,955,1250, 2 45 7,2:55,1656,0,73H,MU 9251
FM,9252,HAK,PVG,1410,1700,1  4 6 ,2:50,1683,0,737,"MU 9252,DL 6731"
FM,9304,CAN,SHA,1130,1350,123 5 7,2:20,1175,0,333,MU 9304
FM,9324,CGO,PVG,2000,2205,1  4  7,2:05,832,0,73H,MU 9324
FM,9331,SHA,SZX,800,1030,12345,2:30,1207,0,737,MU 9331
FM,9333,SHA,SZX,1300,1530,12 4567,2:30,1207,0,73H,MU 9333
FM,9345,PVG,CGO,745,1005,5,2:20,832,0,738,MU 9345
FM,9370,KWL,PVG,2140,5,3,2:25,1324,0,733,MU 9370
FM,9375,SHA,CGO,1530,1730,1234567,2:00,792,0,321,MU 9375
FM,9377,PVG,ZHA,1840,2130, 2 45  ,2:50,1585,0,73H,MU 9377
FM,9389,CGO,TLQ,1200,1615, 2 4 6 ,4:15,2332,0,737,MU 9389
FM,9398,KMG,CSX,1610,1815,1234567,2:05,1077,0,738,MU 9398
FM,9399,SHA,CSX,1015,1215,1,2:00,851,0,733,MU 9399
FM,9426,CKG,SHA,2120,2345,1234567,2:25,1416,0,738,MU 9426
FM,9507,JNG,FOC,1155,1355, 2 4 6 ,2:00,1085,0,73H,MU 9507
FM,9509,PVG,MDG,1615,1910,4,2:55,1633,0,737,MU 9509
FM,9516,WNZ,SHA,1845,1955,1234567,1:10,367,0,738,MU 9516
FM,9526,WNZ,PVG,1545,1700,6,1:15,370,0,738,"MU 9526,DL 6360"
FM,9527,PVG,CAN,1610,1840,1 34 6 ,2:30,1202,0,738,MU 9527
FM,9532,HAK,PVG,2050,2340,1,2:50,1683,0,738,MU 9532
FM,9538,SYX,SHA,1115,1420,1234567,3:05,1867,0,321,MU 9538
FM,9546,WUT,PVG,2105,2335,7,2:30,1154,0,738,MU 9546
FM,9574,DDG,YNT,1725,1835,1234567,1:10,388,0,738,MU 9574
FM,9574,YNT,SHA,1925,2115,  3 5 7,1:50,719,0,738,MU 9574
FM,816,HND,SHA,1330,1550,123456,3:20,1775,0,789,MU  816
FM,824,GMP,SHA,1950,2105,3,2:15,866,0,73H,"MU 9824,KE 5899"
FM,826,TOY,PVG,1355,1555, 2   6 ,3:00,1542,0,737,MU 9826
FM,829,PVG,PUS,1400,1650,7,1:50,800,0,738,"MU 9829,KE 5892"
FM,853,PVG,BKK,1825,2155,1234567,4:30,2895,0,738,MU 9853
FM,857,PVG,HKT,1800,2200,5,5:00,3533,0,738,"MU 9857,DL 6353"
FM,9116,SHA,XMN,1705,1900,1234567,1:55,803,0,73H,MU 9116
FM,9126,DLC,RIZ,1600,1710,6,1:10,439,0,73H,MU 9126
FM,9141,PVG,BPE,645,855,3,2:10,978,0,733,MU 9141
FM,9158,PEK,HGH,620,835,1234567,2:15,1147,0,738,MU 9158
FM,9167,PVG,HET,2210,50,12345 7,2:40,1402,0,738,MU 9167
FM,9179,PVG,CGQ,1600,1840,7,2:40,1468,0,73H,MU 9179
FM,9181,SWA,DYG,930,1130, 234 67,2:00,890,0,733,MU 9181
FM,9189,HRB,OHE,1140,1335,1   5  ,1:55,855,0,733,MU 9189
FM,9190,HRB,SWA,2000,10,1,4:10,2610,0,733,MU 9190
FM,9206,FOC,SHA,930,1100,1234567,1:30,605,0,738,MU 9206
FM,9219,SHA,URC,1410,1920,1234567,5:10,3272,0,737,MU 9219
FM,9221,PVG,LHW,1755,2110,1 3    ,3:15,1778,0,738,MU 9221
FM,9240,LYI,PVG,1115,1245,1  4  7,1:30,536,0,738,MU 9240
FM,9309,SHA,CAN,1330,1555,1 34 6 ,2:25,1175,0,333,MU 9309
FM,9341,PVG,DYG,2020,2250,1234567,2:30,1115,0,738,MU 9341
FM,9349,PVG,KWL,1205,1440, 2   6 ,2:35,1324,0,73H,MU 9349
FM,9350,KWL,PVG,1540,1810,12345 7,2:30,1324,0,73H,"MU 9350,DL 6734"
FM,9361,SHA,CSX,1650,1840,1234567,1:50,851,0,738,MU 9361
FM,9380,SZX,SHA,2030,2255,1 3 56 ,2:25,1207,0,738,MU 9380
FM,9384,NNG,PVG,735,1025,5,2:50,1648,0,73H,"MU 9384,DL 6378"
FM,9394,DSN,PVG,2100,2335,2,2:35,1424,0,73H,MU 9394
FM,9510,MDG,PVG,1955,2310,1234567,3:15,1633,0,73H,MU 9510
FM,9517,WNZ,SYX,1240,1530,1234567,2:50,1582,0,738,MU 9517
FM,9536,ZHA,XMN,1230,1415,1234567,1:45,877,0,733,MU 9536
FM,820,TSA,PVG,1340,1535,1 3  6 ,1:55,674,0,738,
FM,836,HND,PVG,155,435,1    6 ,3:40,1735,0,789,
FM,850,HKG,ZHA,1750,1930,5,1:40,386,0,737,MU 9850
FM,852,TSA,SHA,1130,1325, 2  5 7,1:55,679,0,333,"MU 9852,CI 8021"
FM,885,PVG,KUL,855,1450,1234567,5:55,3795,0,73H,MU 9801
FM,9108,PEK,SHA,1830,2050,1234567,2:20,1075,0,737,MU 9108
FM,9151,HGH,PEK,1640,1905,1 3 5 7,2:25,1147,0,738,MU 9151
FM,9175,WNZ,HAK,1110,1345,1234567,2:35,1376,0,73H,MU 9175
FM,9191,PVG,DLC,1015,1225,1234567,2:10,869,0,738,MU 9191
FM,9210,NNG,SHA,1840,2120,1234567,2:40,1614,0,737,MU 9210
FM,9295,HGH,CGO,1105,1250,1 3 5 7,1:45,781,0,738,MU 9295
FM,9305,SHA,CAN,930,1155,12345 7,2:25,1175,0,738,MU 9305
FM,9329,SHA,CGO,1430,1630,1234567,2:00,792,0,737,MU 9329
FM,9357,SHA,SWA,1240,1435,1234567,1:55,974,0,738,MU 9357
FM,9359,PVG,ZHA,1055,1355,1   5  ,3:00,1585,0,733,MU 9359
FM,9371,YNZ,YNJ,1500,1700,1234567,2:00,1323,0,738,MU 9371
FM,9385,PVG,NNG,845,1150,1,3:05,1648,0,738,MU 9385
FM,9411,PVG,MIG,815,1115,1 3456 ,3:00,1619,0,73H,MU 9411
FM,9452,KMG,SHA,1400,1710,1234567,3:10,1922,0,737,MU 9452
FM,9454,KMG,SHA,1700,2010,1234567,3:10,1922,0,73G,MU 9454
FM,9513,SHA,ZUH,835,1110,1234567,2:35,1291,0,738,MU 9513
FM,9521,SHA,SYX,1600,1925, 2 4 6 ,3:25,1867,0,738,MU 9521
FM,9541,CGO,KMG,740,1020,1234567,2:40,1481,0,738,MU 9541
FM,9567,PVG,CGO,905,1100,1 3 5 7,1:55,832,0,737,MU 9567
FM,802,TSA,PVG,1240,1455,3,2:15,674,0,738,
FM,821,CGO,PVG,1120,1310,12345 7,1:50,832,0,738,DL 6715
FM,821,PVG,KIX,1445,1830,1234567,2:45,1305,0,738,MU 9821
FM,822,PVG,CGO,2245,55,1234567,2:10,832,0,738,DL 6716
FM,827,PVG,ICN,1435,1725,1234567,1:50,822,0,73H,"MU 9827,KE 5894"
FM,828,ICN,PVG,1825,2005,1  4   ,2:40,822,0,738,"MU 9828,KE 5893"
FM,9063,SHA,TSN,1350,1605,123 567,2:15,953,0,738,MU 9063
FM,9073,SHA,YNT,650,840,1234567,1:50,719,0,738,MU 9073
FM,9116,TSN,SHA,1330,1530,12 4567,2:00,953,0,73H,MU 9116
FM,9128,HLD,HET,1600,1815,12,2:15,1118,0,73H,MU 9128
FM,9132,TSN,PVG,1230,1430,1234567,2:00,975,0,737,"MU 9132,DL 6721"
FM,9145,YCU,INC,1550,1725,1234567,1:35,584,0,738,MU 9145
FM,9160,CGQ,PVG,800,1055,123 5  ,2:55,1468,0,73H,"MU 9160,DL 6361"
FM,9163,SHA,TYN,705,925,1234567,2:20,1078,0,737,MU 9163
FM,9183,HSN,YNT,1140,1325,1234567,1:45,866,0,738,MU 9183
FM,9222,URC,LHW,1110,1340,1234567,2:30,1593,0,738,MU 9222
FM,9231,SHA,TAO,650,830,1,1:40,570,0,738,MU 9231
FM,9255,HDG,DSN,1145,1245,1 3 5 7,1:00,518,0,738,MU 9255
FM,9256,DSN,HDG,1330,1450,1 3 5 7,1:20,518,0,738,MU 9256
FM,9269,JGS,HAK,1205,1350,1234567,1:45,884,0,738,MU 9269
FM,9298,SWA,SHA,1700,1855,1 3 5  ,1:55,974,0,737,MU 9298
FM,9308,CAN,SHA,950,1210,1234567,2:20,1175,0,737,MU 9308
FM,9310,CAN,SHA,1230,1455,234,2:25,1175,0,333,MU 9310
FM,9315,SHA,CAN,1530,1755,1234567,2:25,1175,0,737,MU 9315
FM,9323,PVG,CGO,1700,1900,3,2:00,832,0,738,MU 9323
FM,9334,SZX,SHA,1730,2000,1234567,2:30,1207,0,73H,MU 9334
FM,9371,SHA,YNZ,1305,1410,1234567,1:05,269,0,738,MU 9371
FM,9378,ZHA,PVG,2230,110,123  6 ,2:40,1585,0,737,MU 9378
FM,9382,KWL,PVG,715,930,1 34567,2:15,1324,0,73H,"MU 9382,DL 6728"
FM,9400,WUZ,CSX,1535,1700,1234567,1:25,571,0,738,MU 9400
FM,9412,MIG,PVG,1205,1440,1 3456 ,2:35,1619,0,73H,MU 9412
FM,9437,PVG,BAV,640,945,12345,3:05,1489,0,738,MU 9437
FM,9506,YNT,CGQ,1905,2055,1 3 5 7,1:50,806,0,73H,MU 9506
FM,9518,WNZ,PVG,1950,2055,  34 6 ,1:05,370,0,738,MU 9518
FM,9525,PVG,WNZ,1750,1915,1234567,1:25,370,0,738,MU 9525
FM,9531,PVG,HAK,1645,1950,234,3:05,1683,0,73H,MU 9531
FM,9547,PVG,TGO,1305,1605,4,3:00,1379,0,733,MU 9547
FM,801,PVG,TSA,925,1105,    5 7,1:40,674,0,737,
FM,807,CAN,NGO,835,1250,1234567,3:15,2604,0,738,MU  807
FM,823,SHA,GMP,1605,1850, 2 4   ,1:45,866,0,737,"MU 9823,KE 5900"
FM,842,BKK,PVG,950,1545,12,4:55,2895,0,73H,"MU 9842,DL 6362"
FM,845,SHA,HKG,1515,1740,1234567,2:25,1231,0,333,"MU 9845,HX 1813"
FM,849,ZHA,HKG,1525,1650,5,1:25,386,0,737,MU 9849
FM,856,BKK,PVG,1910,55,1234567,4:45,2895,0,738,MU 9856
FM,883,WNZ,BKK,1030,1335, 2 4 6 ,4:05,2612,0,738,
FM,9135,PVG,BAV,1420,1725,4,3:05,1489,0,73H,MU 9135
FM,9161,SHA,WDS,1525,1725, 2 4 6 ,2:00,996,0,738,MU 9161
FM,9175,CGQ,WNZ,715,1020,1234567,3:05,1838,0,73H,MU 9175
FM,9230,TAO,SHA,1600,1740,  3 5 7,1:40,570,0,73G,MU 9230
FM,9232,DDG,TAO,1330,1500,2,1:30,539,0,73G,MU 9232
FM,9300,SWA,PVG,805,1020,1   5  ,2:15,991,0,733,MU 9300
FM,9352,CAN,HGH,750,955,1234567,2:05,1038,0,738,MU 9352
FM,9368,SHE,PVG,1220,1455,3,2:35,1176,0,733,MU 9368
FM,9404,CTU,SHA,1940,2230,1 34 6 ,2:50,1659,0,737,MU 9404
FM,9423,SHA,CKG,1615,1900,6,2:45,1416,0,73H,MU 9423
FM,9461,PVG,WXN,650,940,1 345 7,2:50,1275,0,733,MU 9461
FM,9462,WXN,PVG,1050,1300,1 345 7,2:10,1275,0,733,MU 9462
FM,9469,YNT,HRB,1530,1725,1234567,1:55,987,0,738,MU 9469
FM,9573,YNT,DDG,1525,1640,1234567,1:15,388,0,738,MU 9573
FM,833,PVG,BKK,1210,1550,1234 6 ,4:40,2895,0,738,MU 9833
FM,867,PVG,BKI,2000,30,1 3 5 7,4:30,2863,0,73H,"MU 9867,DL 6350"
FM,9127,SHA,HET,920,1205,12,2:45,1371,0,73H,MU 9127
FM,9128,HET,SHA,1910,2155,1,2:45,1371,0,73H,MU 9128
FM,9142,BPE,PVG,940,1205,3,2:25,978,0,73H,MU 9142
FM,9162,WDS,SHA,1820,2025, 2 4 6 ,2:05,996,0,738,MU 9162
FM,9173,JNG,HRB,1340,1605, 2 4 6 ,2:25,1419,0,738,MU 9173
FM,9176,HAK,WNZ,1455,1705,1234567,2:10,1376,0,73H,MU 9176
FM,9187,PVG,SHE,1105,1325, 2 4 6 ,2:20,1176,0,738,MU 9187
FM,9194,SHE,PVG,1715,2005,3,2:50,1176,0,733,MU 9194
FM,9227,SHA,CSX,705,905,3,2:00,851,0,321,MU 9227
FM,9229,SHA,TAO,650,830,  3 5 7,1:40,570,0,73G,MU 9229
FM,9298,ZUH,SWA,1520,1620, 2 4 6 ,1:00,380,0,737,MU 9298
FM,9301,SHA,CAN,830,1055,1   567,2:25,1175,0,737,MU 9301
FM,9330,CGO,SHA,1740,1920,1234567,1:40,792,0,737,MU 9330
FM,9336,BAV,WUT,1840,1945, 2 4 6 ,1:05,335,0,738,MU 9336
FM,9354,WEH,PVG,1655,1855,34,2:00,673,0,73H,"MU 9354,DL 6346"
FM,9374,XMN,SHA,1815,2015,1 3 5 7,2:00,803,0,738,MU 9374
FM,9379,SHA,SZX,1555,1825, 2 4 6 ,2:30,1207,0,738,MU 9379
FM,9448,KWL,CGO,1930,2135,1234567,2:05,1096,0,738,MU 9448
FM,9460,KWE,PVG,710,945,1234567,2:35,1545,0,738,"MU 9460,DL 6724"
FM,9470,YNT,WNZ,2120,2320,1234567,2:00,1083,0,738,MU 9470
FM,9522,SYX,SHA,2015,2315,1 34 6 ,3:00,1867,0,738,MU 9522
FM,9528,CAN,PVG,1955,2210,1 34 6 ,2:15,1202,0,738,MU 9528
FM,9536,XMN,SHA,1520,1720,1,2:00,803,0,738,MU 9536
FM,822,KIX,PVG,1930,2115,1234567,2:45,1305,0,738,MU 9822
FM,870,BUD,PVG,1230,445,  3 5 7,10:15,8361,0,789,MU  870
FM,871,DYG,PUS,1110,1515,  3  6 ,3:05,1862,0,737,
FM,9136,BAV,PVG,1825,2120,7,2:55,1489,0,733,MU 9136
FM,9166,DYG,WNZ,955,1150,4,1:55,1025,0,738,MU 9166
FM,9174,HRB,JNG,1655,1950,2,2:55,1419,0,738,MU 9174
FM,9180,CGQ,PVG,1940,2230,1234567,2:50,1468,0,73H,MU 9180
FM,9262,XMN,SHA,2010,2155,3,1:45,803,0,737,MU 9262
FM,9311,PVG,CAN,2115,2340,1234567,2:25,1202,0,738,"MU 9311,DL 6358"
FM,9313,SHA,CAN,1830,2055,1234567,2:25,1175,0,737,MU 9313
FM,9318,CAN,SHA,1730,2005,1234567,2:35,1175,0,737,MU 9318
FM,9336,WUT,PVG,2035,2305, 2 4 6 ,2:30,1154,0,738,MU 9336
FM,9353,WEH,CGQ,1320,1510,1 3 5 7,1:50,809,0,738,MU 9353
FM,9366,YIH,PVG,1020,1220,1234567,2:00,987,0,738,MU 9366
FM,9381,CGQ,PVG,1620,1910,1234567,2:50,1468,0,738,MU 9381
FM,9382,PVG,CGQ,1045,1335,2,2:50,1468,0,738,MU 9382
FM,9429,PVG,HNY,1125,1335,1234567,2:10,1007,0,738,MU 9429
FM,9464,KWE,SHA,1100,1335,1 34 6 ,2:35,1503,0,737,MU 9464
FM,9508,FOC,JNG,1505,1720, 2 4 6 ,2:15,1085,0,73H,MU 9508
FM,9514,ZUH,SHA,1200,1430,5,2:30,1291,0,737,MU 9514
FM,9517,PVG,WNZ,1020,1145,1234567,1:25,370,0,738,MU 9517
FM,9567,CGO,KRY,1200,1640,1 3 5 7,4:40,2723,0,737,MU 9567
FM,830,PUS,PVG,1750,1850,1  4 67,2:00,800,0,738,"MU 9830,KE 5891"
FM,851,SHA,TSA,820,1015, 2  5 7,1:55,679,0,333,"MU 9851,CI 8022"
FM,9107,SHA,PEK,2130,2350,6,2:20,1075,0,738,MU 9107
FM,9147,SHA,TSN,815,1025,1234567,2:10,953,0,737,MU 9147
FM,9171,PVG,HRB,745,1055,  3  67,3:10,1654,0,73H,MU 9171
FM,9190,OHE,HRB,1430,1605,5,1:35,855,0,733,MU 9190
FM,9232,TAO,SHA,1600,1750, 2 4 6 ,1:50,570,0,738,MU 9232
FM,9243,TXN,CKG,1505,1725,1234567,2:20,1120,0,738,MU 9243
FM,9302,CAN,PVG,730,950,1234567,2:20,1202,0,738,"MU 9302,DL 6729"
FM,9328,CGO,PVG,730,925,1,1:55,832,0,73H,"MU 9328,DL 6717"
FM,9343,PVG,DYG,2015,2235,12 4   ,2:20,1115,0,73H,MU 9343
FM,9364,WUH,SHA,2130,2310,2,1:40,681,0,73G,MU 9364
FM,9397,CSX,KMG,1250,1500, 2 4 6 ,2:10,1077,0,738,MU 9397
FM,9400,CSX,SHA,1800,2000,1234567,2:00,851,0,738,MU 9400
FM,9508,JNG,CGQ,1810,2030, 2 4 6 ,2:20,1252,0,73H,MU 9508
FM,9535,XMN,ZHA,940,1145,1,2:05,877,0,738,MU 9535
FM,9537,SHA,SYX,655,1020,1234567,3:25,1867,0,321,MU 9537
FM,841,PVG,BKK,2230,155,1234567,4:25,2895,0,738,"MU 9841,DL 6341"
FM,861,PVG,KUL,1850,55,1234567,6:05,3795,0,73H,"MU 9861,DL 6345"
FM,876,MFM,PVG,1325,1555,  3 56 ,2:30,1289,0,73H,MU 9876
FM,9125,RIZ,DLC,1345,1450,1234567,1:05,439,0,73H,MU 9125
FM,9145,PVG,YCU,1240,1500,1234567,2:20,1093,0,738,MU 9145
FM,9239,PVG,LYI,850,1040,5,1:50,536,0,73H,MU 9239
FM,9245,SHA,KHN,730,920,1234567,1:50,583,0,738,MU 9245
FM,9255,WNZ,HDG,800,1000,1 3 5 7,2:00,1131,0,738,MU 9255
FM,9299,PVG,SWA,2120,2345,123 56 ,2:25,991,0,73H,MU 9299
FM,9320,CAN,SHA,2130,2350,1234567,2:20,1175,0,789,MU 9320
FM,9321,SHA,CGO,1950,2150,1 3 5 7,2:00,792,0,738,MU 9321
FM,9344,DYG,PVG,2320,125, 2 4   ,2:05,1115,0,73H,MU 9344
FM,9372,YNZ,SHA,2120,2225,1234567,1:05,269,0,738,MU 9372
FM,9388,WUH,ZHA,1740,2010,   4 6 ,2:30,1131,0,733,MU 9388
FM,9389,PVG,CGO,905,1100, 2 4 6 ,1:55,832,0,737,MU 9389
FM,9390,CGO,PVG,2200,2350, 2 4 6 ,1:50,832,0,737,MU 9390
FM,9393,PVG,DSN,1715,2010,1234567,2:55,1424,0,738,MU 9393
FM,9421,SHA,CKG,755,1050,1 34 6 ,2:55,1416,0,738,MU 9421
FM,9438,BAV,PVG,1030,1315,1234567,2:45,1489,0,738,MU 9438
FM,9457,SHA,KWE,1155,1445,3,2:50,1503,0,738,MU 9457
FM,9466,CGO,SHA,2010,2150,1 3 5 7,1:40,792,0,738,MU 9466
FM,9468,LHW,CGO,1810,2000, 2 4 6 ,1:50,950,0,738,MU 9468
FM,9507,CGQ,JNG,830,1105, 2 4 6 ,2:35,1252,0,73H,MU 9507
FM,835,PVG,HND,2050,100,3,3:10,1735,0,738,
FM,9125,PVG,RIZ,1120,1255,1234567,1:35,526,0,73H,MU 9125
FM,9157,HGH,PEK,945,1210,1234567,2:25,1147,0,738,"MU 9157,DL 6376"
FM,9174,JNG,PVG,2045,2220,   4 6 ,1:35,686,0,738,MU 9174
FM,9183,XMN,HSN,855,1040,1234567,1:45,731,0,738,MU 9183
FM,9189,SWA,HRB,650,1040,1   5  ,3:50,2610,0,733,MU 9189
FM,9228,CSX,SHA,1005,1150,6,1:45,851,0,738,MU 9228
FM,9244,CKG,TXN,1830,2045,1234567,2:15,1120,0,738,MU 9244
FM,9279,SHA,FUG,645,815,1234567,1:30,558,0,738,MU 9279
FM,9297,SWA,ZUH,1320,1425,1234567,1:05,380,0,737,MU 9297
FM,9358,SWA,SHA,1530,1720,1234567,1:50,974,0,738,MU 9358
FM,9360,ZHA,PVG,720,955,1234567,2:35,1585,0,733,MU 9360
FM,9402,HAK,SHA,1410,1655,7,2:45,1656,0,73H,MU 9402
FM,9454,JHG,KMG,1445,1600,1234567,1:15,412,0,73G,MU 9454
FM,9463,SHA,KWE,645,935,1 34 6 ,2:50,1503,0,737,MU 9463
FM,9465,SHA,CGO,1210,1410,1 3 5 7,2:00,792,0,738,MU 9465
FM,9547,TGO,HRB,1645,1740, 2 4 6 ,0:55,394,0,733,MU 9547
FM,9127,HET,HLD,1305,1510,1234567,2:05,1118,0,738,MU 9127
FM,9146,INC,YCU,1815,1950,1234567,1:35,584,0,738,MU 9146
FM,9230,JXA,TAO,1235,1455,  3 5 7,2:20,1352,0,73G,MU 9230
FM,9264,XMN,SHA,1055,1255,1234567,2:00,803,0,737,MU 9264
FM,9351,HGH,CAN,1635,1850,1234567,2:15,1038,0,738,MU 9351
FM,9373,SHA,XMN,1525,1715,1 3 5 7,1:50,803,0,738,MU 9373
FM,9381,PVG,KWL,2115,2355,1,2:40,1324,0,738,"MU 9381,DL 6355"
FM,9396,CSX,SHA,2135,2330,1234567,1:55,851,0,738,MU 9396
FM,9401,SHA,KWL,1755,2050,7,2:55,1289,0,737,MU 9401
FM,9415,SHA,LYG,805,925,1234567,1:20,439,0,738,MU 9415
FM,9422,CKG,SHA,1155,1425,1 34 6 ,2:30,1416,0,738,MU 9422
FM,9429,HNY,KMG,1430,1625,1234567,1:55,987,0,738,MU 9429
FM,9467,SHA,CGO,1210,1420, 2 4 6 ,2:10,792,0,738,MU 9467
FM,9518,SYX,WNZ,1620,1855, 2 4 6 ,2:35,1582,0,738,MU 9518
FM,9545,WUT,INC,1645,1805,1 3 5 7,1:20,605,0,738,MU 9545
FM,9546,INC,WUT,1855,2020,7,1:25,605,0,738,MU 9546
FM,817,SHA,MFM,1005,1240,1234567,2:35,1265,0,738,MU 9817
FM,854,BKK,PVG,1150,1725,1234567,4:35,2895,0,738,"MU 9854,DL 6342"
FM,872,PUS,DYG,1615,1845,  3  6 ,3:30,1862,0,737,
FM,9074,YNT,SHA,945,1135,1234567,1:50,719,0,738,MU 9074
FM,9159,PVG,CGQ,2105,2355,4,2:50,1468,0,738,"MU 9159,DL 6719"
FM,9164,TYN,SHA,1105,1310,1234567,2:05,1078,0,737,MU 9164
FM,9192,DLC,PVG,1325,1520,1234567,1:55,869,0,738,MU 9192
FM,9387,ZHA,WUH,1440,1645,   4 6 ,2:05,1131,0,733,MU 9387
FM,9392,CSX,SHA,1410,1555,1234567,1:45,851,0,738,MU 9392
FM,9553,WNZ,WEH,1355,1600,1 3 5 7,2:05,1040,0,738,MU 9553
FM,9554,SHE,WEH,1905,2035,1 3 5 7,1:30,505,0,738,MU 9554
FM,9568,KRY,CGO,1725,2130,1 3 5 7,4:05,2723,0,737,MU 9568
FM,808,NGO,CAN,1350,1710,1234567,4:20,2604,0,738,MU  808
FM,858,HKT,PVG,2300,520,1,5:20,3533,0,73H,"MU 9858,DL 6375"
FM,9081,PVG,XMN,1420,1620,1234567,2:00,818,0,733,MU 9081
FM,9123,PVG,TVS,735,950,   4  7,2:15,1014,0,73H,MU 9123
FM,9214,LHW,SHA,1205,1445,12  5 7,2:40,1735,0,738,MU 9214
FM,9222,LHW,PVG,1430,1725,1234567,2:55,1778,0,738,MU 9222
FM,9243,WNZ,TXN,1325,1420,1234567,0:55,323,0,738,MU 9243
FM,9263,SHA,XMN,725,925,1234567,2:00,803,0,737,MU 9263
FM,9327,SHA,CAN,1730,2005,1234567,2:35,1175,0,789,MU 9327
FM,9335,WUT,BAV,1650,1755, 2 4 6 ,1:05,335,0,738,MU 9335
FM,9376,CGO,SHA,1830,2010,1234567,1:40,792,0,321,MU 9376
FM,9390,TLQ,CGO,1705,2100, 2 4 6 ,3:55,2332,0,737,MU 9390
FM,9399,CSX,WUZ,1320,1445,1234567,1:25,571,0,738,MU 9399
FM,9417,PVG,LYG,1740,1840,6,1:00,468,0,73H,MU 9417
FM,9430,KMG,HNY,1730,1920,1234567,1:50,987,0,738,MU 9430
FM,9451,SHA,KMG,900,1240,1 34 6 ,3:40,1922,0,737,MU 9451
FM,9465,CGO,DSN,1510,1640,1 3 5 7,1:30,655,0,738,MU 9465
FM,9520,WNZ,PVG,900,1010,1234567,1:10,370,0,738,"MU 9520,DL 6359,DL 6373"
FM,815,SHA,HND,840,1230,1234567,2:50,1775,0,789,MU  815
FM,846,HKG,SHA,1850,2120,1234567,2:30,1231,0,333,"MU 9846,HX 1814"
FM,855,PVG,BKK,1425,1805,1234567,4:40,2895,0,738,MU 9855
FM,884,BKK,WNZ,1435,1950, 2 4 6 ,4:15,2612,0,738,
FM,9115,SHA,TSN,1010,1215,1234567,2:05,953,0,73H,MU 9115
FM,9124,TVS,PVG,1050,1315,   4  7,2:25,1014,0,73H,MU 9124
FM,9165,WNZ,DYG,700,910,4,2:10,1025,0,738,MU 9165
FM,9213,SHA,LHW,740,1100,1234567,3:20,1735,0,738,MU 9213
FM,9220,URC,SHA,930,1355,1234567,4:25,3272,0,737,MU 9220
FM,9229,TAO,JXA,930,1145,  3 5 7,2:15,1352,0,73G,MU 9229
FM,9270,JGS,SHA,1740,1935,1234567,1:55,801,0,738,MU 9270
FM,9316,CAN,SHA,1930,2145,1234567,2:15,1175,0,737,MU 9316
FM,9337,PVG,NNG,1620,1925,1234567,3:05,1648,0,737,MU 9337
FM,9354,CGQ,WEH,1425,1610,2,1:45,809,0,738,MU 9354
FM,9391,SHA,CSX,1120,1310,1234567,1:50,851,0,738,MU 9391
FM,9453,KMG,JHG,1235,1340,1234567,1:05,412,0,73G,MU 9453
FM,9501,SHA,SWA,1705,1910,1234567,2:05,974,0,738,MU 9501
FM,9505,CGQ,YNT,830,1015,1 3 5 7,1:45,806,0,73H,MU 9505
FM,9505,YNT,SWA,1110,1415,1 3 5 7,3:05,1632,0,73H,MU 9505
FM,9548,HRB,TGO,1840,1955, 2 4 6 ,1:15,394,0,733,MU 9548
FM,9592,TOY,PVG,1440,1705,   4  7,3:25,1542,0,737,
FM,9126,RIZ,PVG,1815,1950,1 3 5 7,1:35,526,0,73H,MU 9126
FM,9186,SHE,SHA,1950,2245,1234567,2:55,1176,0,738,MU 9186
FM,9208,XIY,SHA,1300,1520,1234567,2:20,1228,0,738,MU 9208
FM,9231,TAO,DDG,930,1105, 2 4 6 ,1:35,539,0,738,MU 9231
FM,9335,PVG,WUT,1325,1600, 2 4 6 ,2:35,1154,0,738,MU 9335
FM,9398,CSX,PVG,1915,2120,1234567,2:05,890,0,738,"MU 9398,DL 6363"
FM,9447,CGO,KWL,1630,1835,1234567,2:05,1096,0,738,MU 9447
FM,9470,HRB,YNT,1830,2030,1234567,2:00,987,0,738,MU 9470
FM,9519,PVG,WNZ,2225,2345,1234567,1:20,370,0,738,"MU 9519,DL 6344"
FM,9542,KMG,CGO,1210,1445,1234567,2:35,1481,0,738,MU 9542
FM,812,HKG,PVG,1355,1645,7,2:50,1255,0,738,"MU 9812,HX 1812"
FM,818,MFM,SHA,1345,1610,1234567,2:25,1265,0,738,MU 9818
FM,819,PVG,TSA,1105,1240,1 3  6 ,1:35,674,0,738,
FM,9201,SHA,XIY,925,1155,1234567,2:30,1228,0,738,MU 9201
FM,9204,XIY,SHA,2000,2215,1234567,2:15,1228,0,738,MU 9204
FM,9246,KHN,SHA,1025,1200,1234567,1:35,583,0,738,MU 9246
FM,9257,PVG,XMN,2220,15,1234567,1:55,818,0,738,"MU 9257,DL 6735"
FM,9270,HAK,JGS,1445,1650,1234567,2:05,884,0,738,MU 9270
FM,9280,FUG,SHA,925,1035,1234567,1:10,558,0,738,MU 9280
FM,9297,SHA,SWA,1025,1225,1234567,2:00,974,0,737,MU 9297
FM,9340,NNG,SHA,1135,1415,1234567,2:40,1614,0,738,MU 9340
FM,9363,SHA,WUH,1830,2030,1,2:00,681,0,738,MU 9363
FM,9395,SHA,CSX,1845,2035,1234567,1:50,851,0,738,MU 9395
FM,9418,LYG,PVG,1950,2105,12345 7,1:15,468,0,738,MU 9418
FM,9466,DSN,CGO,1735,1905,1 3 5 7,1:30,655,0,738,MU 9466
FM,868,BKI,PVG,130,620,12 4 6 ,4:50,2863,0,73H,"MU 9868,DL 6348"
FM,886,KUL,PVG,1610,2210,1234567,6:00,3795,0,73H,MU 9802
FM,9102,PEK,SHA,2020,2250,1234567,2:30,1075,0,738,MU 9102
FM,9131,PVG,TSN,915,1125,1234567,2:10,975,0,737,MU 9131
FM,9148,TSN,SHA,1135,1340,1234567,2:05,953,0,737,MU 9148
FM,9176,WNZ,CGQ,1755,2115,1234567,3:20,1838,0,73H,MU 9176
FM,9269,SHA,JGS,910,1105,1234567,1:55,801,0,738,MU 9269
FM,9342,DYG,PVG,2340,145,1234567,2:05,1115,0,738,MU 9342
FM,9346,CGO,PVG,825,1020,1234567,1:55,832,0,738,"MU 9346,DL 6379"
FM,9416,LYG,SHA,1010,1125,1234567,1:15,439,0,738,MU 9416
FM,9468,CGO,SHA,2100,2250, 2 4 6 ,1:50,792,0,738,MU 9468
FM,9506,SWA,YNT,1500,1815,1 3 5 7,3:15,1632,0,73H,MU 9506
FM,9539,WNZ,KMG,725,1025,1234567,3:00,1806,0,738,MU 9539
FM,9545,PVG,WUT,1315,1600,1 3 5 7,2:45,1154,0,738,MU 9545
FM,831,PVG,HKT,1835,2245,1234567,5:10,3533,0,738,"MU 9831,DL 6351"
FM,834,BKK,PVG,1650,2225,1234567,4:35,2895,0,738,MU 9834
FM,9173,PVG,JNG,1115,1255, 2 4 6 ,1:40,686,0,738,MU 9173
FM,9182,DYG,SWA,1220,1405, 234 67,1:45,890,0,733,MU 9182
FM,9184,HSN,XMN,1730,1915,1234567,1:45,731,0,738,MU 9184
FM,9244,TXN,WNZ,2140,2240,1234567,1:00,323,0,738,MU 9244
FM,9372,YNJ,YNZ,1745,2010,1234567,2:25,1323,0,738,MU 9372
FM,9430,HNY,PVG,2020,2220,1234567,2:00,1007,0,738,MU 9430
FM,9459,PVG,KWE,2135,25,1234567,2:50,1545,0,738,"MU 9459,DL 6723"
FM,9469,WNZ,YNT,1235,1440,1234567,2:05,1083,0,738,MU 9469
FM,9515,SHA,WNZ,820,930,1234567,1:10,367,0,738,MU 9515
FM,9548,TGO,PVG,2050,2355, 2 4 6 ,3:05,1379,0,733,MU 9548
FM,9554,WEH,WNZ,2125,2325,1 3 5 7,2:00,1040,0,738,MU 9554
FM,811,PVG,HKG,940,1245,7,3:05,1255,0,738,"MU 9811,HX 1811"
FM,869,PVG,BUD,40,535,  3 5 7,10:55,8361,0,789,MU  869
FM,9219,URC,HTN,2020,2220,1234567,2:00,996,0,737,MU 9219
FM,9224,HTN,URC,2315,100,1234567,1:45,996,0,737,MU 9224
FM,9256,HDG,WNZ,1535,1750,1 3 5 7,2:15,1131,0,738,MU 9256
FM,9258,XMN,PVG,755,950,1234567,1:55,818,0,738,"MU 9258,DL 6736"
FM,9296,CGO,HGH,1355,1530,1234567,1:35,781,0,738,MU 9296
FM,9338,NNG,PVG,2015,2315,1234567,3:00,1648,0,737,MU 9338
FM,9453,SHA,KMG,815,1135,1234567,3:20,1922,0,73G,MU 9453
FM,9540,KMG,WNZ,1140,1435,1234567,2:55,1806,0,738,MU 9540
FM,9553,WEH,SHE,1650,1815,1 3 5 7,1:25,505,0,738,MU 9553
